﻿<?xml version="1.0" encoding="utf-8" standalone="yes"?>
<Metadata>
  <Header>
    <MainRev>0</MainRev>
    <PointRev>6</PointRev>
    <Description>created by SidecarFile 0.6</Description>
    <Created>2/5/2009</Created>
    <By>sage</By>
    <DirectoryType>TAE.Shared.NWOAssetDirectory</DirectoryType>
    <Schema>1</Schema>
  </Header>
  <Asset Name="example_health_pack" Type="model">
    <OutputTagCollection>
      <OutputTag Type="model">objects\equipment\example_health_pack\example_health_pack</OutputTag>
      <OutputTag Type="crate">objects\equipment\example_health_pack\example_health_pack</OutputTag>
    </OutputTagCollection>
    <SharedAssetCollection />
  </Asset>
  <Folders>
    <Reference>\reference</Reference>
    <Temp>\temp</Temp>
    <SourceModels>\models\work</SourceModels>
    <GameModels>\models</GameModels>
    <GamePhysicsModels>\models</GamePhysicsModels>
    <GameCollisionModels>\models</GameCollisionModels>
    <ExportModels>\export\models</ExportModels>
    <ExportPhysicsModels>\export\models</ExportPhysicsModels>
    <ExportCollisionModels>\export\models</ExportCollisionModels>
    <SourceAnimations>\animations\work</SourceAnimations>
    <AnimationRigs>\animations\rigs</AnimationRigs>
    <GameAnimations>\animations</GameAnimations>
    <ExportAnimations>\export\animations</ExportAnimations>
    <SourceBitmaps>\bitmaps</SourceBitmaps>
    <GameBitmaps>\bitmaps</GameBitmaps>
    <CinemaSource>\cinematics</CinemaSource>
    <CinemaExport>\export\cinematics</CinemaExport>
    <ExportBSPs>\export\models</ExportBSPs>
    <GameBSPs>\models</GameBSPs>
    <SourceBSPs>\models\work</SourceBSPs>
    <RigFlags>\animations\rigs\flags</RigFlags>
    <RigPoses>\animations\rigs\poses</RigPoses>
    <RigRenders>\animations\rigs\render</RigRenders>
    <Scripts>\scripts</Scripts>
    <FacePoses>\animations\rigs\poses\face_poses</FacePoses>
    <CinematicOutsource>\outsource</CinematicOutsource>
  </Folders>
  <FaceCollections>
    <FaceCollection Name="regions" StringTable="connected_geometry_regions_table" Description="Model regions">
      <FaceCollectionEntries>
        <FaceCollectionEntry Index="0" Name="default" Active="true" />
      </FaceCollectionEntries>
    </FaceCollection>
    <FaceCollection Name="global materials override" StringTable="connected_geometry_global_material_table" Description="Global material overrides">
      <FaceCollectionEntries>
        <FaceCollectionEntry Index="0" Name="default" Active="true" />
        <FaceCollectionEntry Index="1" Name="hard_metal_thin" Active="true" />
      </FaceCollectionEntries>
    </FaceCollection>
  </FaceCollections>
  <Contents>
    <Content Name="example_health_pack" Type="model">
      <ContentObject Name="" Type="render_model">
        <ContentNetwork Name="default" Type="">
          <InputFile>objects\equipment\example_health_pack\models\example_health_pack_render.FBX</InputFile>
          <IntermediateFile>objects\equipment\example_health_pack\export\models\example_health_pack_render.gr2</IntermediateFile>
        </ContentNetwork>
        <OutputTagCollection>
          <OutputTag Type="render_model">objects\equipment\example_health_pack\example_health_pack</OutputTag>
        </OutputTagCollection>
      </ContentObject>
      <ContentObject Name="" Type="physics_model">
        <ContentNetwork Name="default" Type="">
          <InputFile>objects\equipment\example_health_pack\models\example_health_pack_physics.fbx</InputFile>
          <IntermediateFile>objects\equipment\example_health_pack\export\models\example_health_pack_physics.gr2</IntermediateFile>
        </ContentNetwork>
        <OutputTagCollection>
          <OutputTag Type="physics_model">objects\equipment\example_health_pack\example_health_pack</OutputTag>
        </OutputTagCollection>
      </ContentObject>
      <ContentObject Name="" Type="collision_model">
        <ContentNetwork Name="default" Type="">
          <InputFile>objects\equipment\example_health_pack\models\example_health_pack_collision.fbx</InputFile>
          <IntermediateFile>objects\equipment\example_health_pack\export\models\example_health_pack_collision.gr2</IntermediateFile>
        </ContentNetwork>
        <OutputTagCollection>
          <OutputTag Type="collision_model">objects\equipment\example_health_pack\example_health_pack</OutputTag>
        </OutputTagCollection>
      </ContentObject>
      <ContentObject Name="" Type="markers">
        <ContentNetwork Name="default" Type="">
          <InputFile>objects\equipment\example_health_pack\models\example_health_pack_markers.fbx</InputFile>
          <IntermediateFile>objects\equipment\example_health_pack\export\models\example_health_pack_markers.gr2</IntermediateFile>
        </ContentNetwork>
        <OutputTagCollection />
      </ContentObject>
    </Content>
    <!--<Content Name="health_pack" Type="rigging">
      <ContentObject Name="" Type="rigs">
        <OutputTagCollection />
      </ContentObject>
      <ContentObject Name="" Type="rig_renders">
        <OutputTagCollection />
      </ContentObject>
      <ContentObject Name="" Type="rig_proxies">
        <OutputTagCollection />
      </ContentObject>
      <ContentObject Name="" Type="rig_heads">
        <OutputTagCollection />
      </ContentObject>
    </Content> -->
  </Contents>
  <MiscData />
</Metadata>