﻿<?xml version="1.0" encoding="utf-8" standalone="yes"?>
<Metadata>
  <Header>
    <MainRev>0</MainRev>
    <PointRev>6</PointRev>
    <Description>created by SidecarFile 0.6</Description>
    <Created>8/3/2009</Created>
    <By>a-tomjech</By>
    <DirectoryType>TAE.Shared.NWOAssetDirectory</DirectoryType>
    <Schema>1</Schema>
  </Header>
  <Asset Name="civilian_female" Type="model">
    <OutputTagCollection>
      <OutputTag Type="biped">objects\equipment\example_tentacle\example_tentacle</OutputTag>
      <OutputTag Type="model">objects\equipment\example_tentacle\example_tentacle</OutputTag>
      <OutputTag Type="crate">objects\equipment\example_tentacle\example_tentacle</OutputTag>
  </OutputTagCollection>
  </Asset>
  <Folders>
    <Reference>\reference</Reference>
    <Temp>\temp</Temp>
    <SourceModels>\models\work</SourceModels>
    <GameModels>\models</GameModels>
    <GamePhysicsModels>\models</GamePhysicsModels>
    <GameCollisionModels>\models</GameCollisionModels>
    <ExportModels>\export\models</ExportModels>
    <ExportPhysicsModels>\export\models</ExportPhysicsModels>
    <ExportCollisionModels>\export\models</ExportCollisionModels>
    <SourceAnimations>\animations\work</SourceAnimations>
    <AnimationRigs>\animations\rigs</AnimationRigs>
    <GameAnimations>\animations</GameAnimations>
    <ExportAnimations>\export\animations</ExportAnimations>
    <SourceBitmaps>\bitmaps</SourceBitmaps>
    <GameBitmaps>\bitmaps</GameBitmaps>
    <CinemaSource>\cinematics</CinemaSource>
    <CinemaExport>\export\cinematics</CinemaExport>
    <ExportBSPs>\export\models</ExportBSPs>
    <GameBSPs>\models</GameBSPs>
    <SourceBSPs>\models\work</SourceBSPs>
    <RigFlags>\animations\rigs\flags</RigFlags>
    <RigPoses>\animations\rigs\poses</RigPoses>
    <RigRenders>\animations\rigs\render</RigRenders>
    <Scripts>\scripts</Scripts>
    <FacePoses>\animations\rigs\poses\face_poses</FacePoses>
    <CinematicOutsource>\outsource</CinematicOutsource>
  </Folders>
  <FaceCollections>
    <FaceCollection Name="regions" StringTable="connected_geometry_regions_table" Description="Model regions">
      <FaceCollectionEntries>
        <FaceCollectionEntry Index="0" Name="default" Active="true" />
      </FaceCollectionEntries>
    </FaceCollection>
    <FaceCollection Name="global materials override" StringTable="connected_geometry_global_material_table" Description="Global material overrides">
      <FaceCollectionEntries>
        <FaceCollectionEntry Index="0" Name="default" Active="true" />
      </FaceCollectionEntries>
    </FaceCollection>
  </FaceCollections>
  <Contents>
    <Content Name="example_tentacle" Type="model">
      <ContentObject Name="" Type="render_model">
        <ContentNetwork Name="default" Type="">
          <InputFile>objects\equipment\example_tentacle\models\example_tentacle.fbx</InputFile>
          <IntermediateFile>objects\equipment\example_tentacle\export\models\example_tentacle.gr2</IntermediateFile>
        </ContentNetwork>
        <OutputTagCollection>
          <OutputTag Type="render_model">objects\equipment\example_tentacle\example_tentacle</OutputTag>
        </OutputTagCollection>
      </ContentObject>
      <ContentObject Name="" Type="skeleton">
        <ContentNetwork Name="default" Type="">
          <IntermediateFile>objects\equipment\example_tentacle\export\models\example_tentacle.gr2</IntermediateFile>
          <InputFile>objects\equipment\example_tentacle\models\example_tentacle.fbx</InputFile>
        </ContentNetwork>
        <OutputTagCollection />
      </ContentObject>
      <ContentObject Name="" Type="collision_model">
        <ContentNetwork Name="default" Type="">
          <InputFile>objects\equipment\example_tentacle\models\example_tentacle.fbx</InputFile>
          <IntermediateFile>objects\equipment\example_tentacle\export\models\example_tentacle.gr2</IntermediateFile>
        </ContentNetwork>
        <OutputTagCollection>
          <OutputTag Type="collision_model">objects\equipment\example_tentacle\example_tentacle</OutputTag>
        </OutputTagCollection>
      </ContentObject>
      <ContentObject Name="" Type="physics_model">
        <ContentNetwork Name="default" Type="">
          <InputFile>objects\equipment\example_tentacle\models\example_tentacle.fbx</InputFile>
          <IntermediateFile>objects\equipment\example_tentacle\export\models\example_tentacle.gr2</IntermediateFile>
        </ContentNetwork>
        <OutputTagCollection>
          <OutputTag Type="physics_model">objects\equipment\example_tentacle\example_tentacle</OutputTag>
        </OutputTagCollection>
      </ContentObject>
      <ContentObject Name="" Type="model_animation_graph">
		  <ContentNetwork Name="patrol unarmed idle" Type="Base" ModelAnimationMovementData="None">
			  <InputFile>objects\equipment\example_tentacle\models\example_tentacle.fbx</InputFile>
			  <IntermediateFile>objects\equipment\example_tentacle\export\models\example_tentacle.gr2</IntermediateFile>
		  </ContentNetwork>
		  <OutputTagCollection>
			  <OutputTag Type="frame_event_list">objects\equipment\example_tentacle\example_tentacle</OutputTag>
			  <OutputTag Type="model_animation_graph">objects\equipment\example_tentacle\example_tentacle</OutputTag>
		  </OutputTagCollection>
	  </ContentObject>
    </Content>
  </Contents>
</Metadata>
