{
	"nodes_properties": {
		"phy_health_pack": {
			"bungie_source_file": "C:\\MCCPC\\MCC\\Main\\Reach\\data\\objects\\equipment\\example_health_pack\\models\\example_health_pack_physics.FBX",
			"bungie_source_index": "3 2",
			"bungie_is_reference": "0",
			"bungie_source_wirecolor": "0.000000 0.000000 0.000000",
			"bungie_object_ID": "04774a17-4cb4-481f-aa1b-f278e0665bc7",
			"bungie_export_this": "1",
			"bungie_object_type": "_connected_geometry_object_type_mesh",
			"bungie_mesh_type": "_connected_geometry_mesh_type_physics",
			"bungie_face_global_material": "default",
			"bungie_face_region": "default",
			"bungie_face_global_material": "default",
			"bungie_face_region": "default"
		}
	},
	"meshes_properties": {
		"phy_health_pack": {
			"bungie_source_file": "C:\\MCCPC\\MCC\\Main\\Reach\\data\\objects\\equipment\\example_health_pack\\models\\example_health_pack_physics.FBX",
			"bungie_source_index": "3 2",
			"bungie_is_reference": "0",
			"bungie_source_wirecolor": "0.000000 0.000000 0.000000",
			"bungie_object_ID": "04774a17-4cb4-481f-aa1b-f278e0665bc7",
			"bungie_export_this": "1",
			"bungie_object_type": "_connected_geometry_object_type_mesh",
			"bungie_mesh_type": "_connected_geometry_mesh_type_physics",
			"bungie_face_global_material": "default",
			"bungie_face_region": "default",
			"bungie_face_global_material": "default",
			"bungie_face_region": "default"
		}
	}
}
