{
    "nodes_properties": {
		"light": {
			"bungie_object_ID": "704f0def-69e0-4b90-bf88-4a4baad7e394",
			"bungie_export_this": "1",
			"bungie_source_file": "C:\\MCCPC\\MCC\\Main\\Reach\\data\\objects\\equipment\\example_health_pack\\models\\example_health_pack_markers.FBX",
			"bungie_source_index": "2 1",
			"bungie_is_reference": "0",
			"bungie_source_wirecolor": "0.000000 0.000000 0.000000",
			"bungie_object_type": "_connected_geometry_object_type_marker",
			"bungie_marker_model_group": "light",
			"bungie_marker_region": "default",
			"bungie_marker_parent": "",
			"bungie_current_permutation": ""
		}
    },
    "meshes_properties": {
		"light": {
			"bungie_object_ID": "704f0def-69e0-4b90-bf88-4a4baad7e394",
			"bungie_export_this": "1",
			"bungie_source_file": "C:\\MCCPC\\MCC\\Main\\Reach\\data\\objects\\equipment\\example_health_pack\\models\\example_health_pack_markers.FBX",
			"bungie_source_index": "2 1",
			"bungie_is_reference": "0",
			"bungie_source_wirecolor": "0.000000 0.000000 0.000000",
			"bungie_object_type": "_connected_geometry_object_type_marker",
			"bungie_marker_model_group": "light",
			"bungie_marker_region": "default",
			"bungie_marker_parent": "",
			"bungie_current_permutation": ""
		}
    }
}
