{
    "nodes_properties": {
		"coll_health_pack": {
			"bungie_source_file": "C:\\MCCPC\\MCC\\Main\\Reach\\data\\objects\\equipment\\example_health_pack\\models\\example_health_pack_collision.FBX",
			"bungie_source_index": "1 2",
			"bungie_is_reference": "0",
			"bungie_source_wirecolor": "0.000000 0.000000 0.000000",
			"bungie_object_ID": "22bd69ee-2014-4245-afbc-56c7abe7ef4c",
			"bungie_export_this": "1",
			"bungie_face_global_material": "default",
			"bungie_face_region": "default",
			"bungie_mesh_type": "_connected_geometry_mesh_type_collision",
			"bungie_face_global_material": "default",
			"bungie_face_region": "default",
			"bungie_object_type": "_connected_geometry_object_type_mesh"
		}
    },
    "meshes_properties": {
		"coll_health_pack": {
			"bungie_source_file": "C:\\MCCPC\\MCC\\Main\\Reach\\data\\objects\\equipment\\example_health_pack\\models\\example_health_pack_collision.FBX",
			"bungie_source_index": "1 2",
			"bungie_is_reference": "0",
			"bungie_source_wirecolor": "0.000000 0.000000 0.000000",
			"bungie_object_ID": "22bd69ee-2014-4245-afbc-56c7abe7ef4c",
			"bungie_export_this": "1",
			"bungie_face_global_material": "default",
			"bungie_face_region": "default",
			"bungie_mesh_type": "_connected_geometry_mesh_type_collision",
			"bungie_face_global_material": "default",
			"bungie_face_region": "default",
			"bungie_object_type": "_connected_geometry_object_type_mesh"
		}
    }
}
