{
    "nodes_properties": {
		"health_pack_new01": {
			"bungie_source_file": "C:\\MCCPC\\MCC\\Main\\Reach\\data\\objects\\equipment\\example_health_pack\\models\\example_health_pack_render.FBX",
			"bungie_source_index": "1 2",
			"bungie_is_reference": "0",
			"bungie_source_wirecolor": "0.000000 0.000000 0.000000",
			"bungie_object_ID": "9bcf8499-96df-4625-a3c2-7f1def4fc5b5",
			"bungie_export_this": "1",
			"bungie_is_game_object": "1",
			"bungie_is_cinematic_object": "1",
			"bungie_face_global_material": "default",
			"bungie_face_region": "default",
			"bungie_object_type": "_connected_geometry_object_type_mesh"
		}
    },
    "meshes_properties": {
		"health_pack_new01": {
			"bungie_source_file": "C:\\MCCPC\\MCC\\Main\\Reach\\data\\objects\\equipment\\example_health_pack\\models\\example_health_pack_render.FBX",
			"bungie_source_index": "1 2",
			"bungie_is_reference": "0",
			"bungie_source_wirecolor": "0.000000 0.000000 0.000000",
			"bungie_object_ID": "9bcf8499-96df-4625-a3c2-7f1def4fc5b5",
			"bungie_export_this": "1",
			"bungie_is_game_object": "1",
			"bungie_is_cinematic_object": "1",
			"bungie_face_global_material": "default",
			"bungie_face_region": "default",
			"bungie_object_type": "_connected_geometry_object_type_mesh"
		}
    },
    "material_properties": {
        "health_pack_rubber": {
            "bungie_shader_path": "objects\\equipment\\health_pack\\shaders\\health_pack_rubber",
            "bungie_shader_type": "shader"
        },
        "health_pack": {
            "bungie_shader_path": "objects\\equipment\\health_pack\\shaders\\health_pack",
            "bungie_shader_type": "shader"
        }
    }
}
