{
    "nodes_properties": {
        "light": {
            "bungie_object_type": "_connected_geometry_object_type_light",
            "bungie_is_game_object": "1",
            "bungie_is_cinematic_object": "1",
            "bungie_light_type": "_connected_geometry_light_type_omni",
            "bungie_light_type_version": "1.000000",
            "bungie_light_volume_distance": "0.000000",
            "bungie_light_volume_intensity_scalar": "1.000000",
            "bungie_light_fade_start_distance": "100.000000",
            "bungie_light_fade_out_distance": "150.000000",
            "bungie_light_far_attenuation_start": "4000.0",
            "bungie_light_far_attenuation_end": "6000.0",
            "bungie_light_color": "1.000000 1.000000 0.4235294 0.000000",
            "bungie_light_intensity": "1.000000",
            "bungie_light_clipping_size_x_neg": "100.000000",
            "bungie_light_clipping_size_y_neg": "100.000000",
            "bungie_light_clipping_size_z_neg": "100.000000",
            "bungie_light_hotspot_size": "45.000000",
            "bungie_light_hotspot_falloff": "60.000000",
            "bungie_light_falloff_shape": "5.000000",
            "bungie_light_lens_flare_reference": "objects\\levels\\shared\\lights\\fx\\flare_m20_oni_external_small.lens_flare",
            "bungie_frame_ID1": "8078",
            "bungie_frame_ID2": "378163771",
            "halo_export": "1"
        },
        "clean_room": {
            "bungie_object_type": "_connected_geometry_object_type_mesh",
            "bungie_object_animates": "0",
            "bungie_frame_ID1": "8078",
            "bungie_frame_ID2": "378163771",
            "halo_export": "1"
        }
    },
    "meshes_properties": {
         "clean_room": {
            "bungie_object_type": "_connected_geometry_object_type_mesh",
            "bungie_object_ID": "becd27e4-ee98-49ea-a9da-6733245ffbac",
            "bungie_mesh_use_uncompressed_verts": "1",
            "halo_export": "1",
            "bungie_mesh_no_static_lighting": "0"
        }
    }
}
