{
    "nodes_properties": {
		"Armature": {
			"bungie_object_type": "_connected_geometry_object_type_frame",
			"bungie_frame_ID1": "8078",
			"bungie_frame_ID2": "378163771",
			"bungie_object_animates": "1",
			"bungie_is_game_object": "1",
			"bungie_is_cinematic_object": "1",
			"halo_export": "1"
		},
		"Bone": {
			"bungie_object_type": "_connected_geometry_object_type_frame",
			"bungie_object_animates": "1",
			"bungie_is_game_object": "1",
			"bungie_is_cinematic_object": "1",
			"bungie_frame_ID1": "1787555766",
			"bungie_frame_ID2": "1535606856",
			"bungie_object_ID": "a7f77a19-40b3-4dfd-8aef-e7ebeded5517",
			"halo_export": "1"
		},
		"Bone_high": {
			"bungie_object_type": "_connected_geometry_object_type_frame",
			"bungie_object_animates": "1",
			"bungie_is_game_object": "1",
			"bungie_is_cinematic_object": "1",
			"bungie_frame_ID1": "166443206",
			"bungie_frame_ID2": "-1040811099",
			"bungie_object_ID": "dcdbed93-16fa-4ef0-a335-6b105dc94f0c",
			"halo_export": "1"
		},
        "Cube_high": {
            "bungie_object_type": "_connected_geometry_object_type_frame",
            "bungie_object_animates": "0",
            "bungie_frame_ID1": "877390611",
            "bungie_frame_ID2": "-1856304257",
            "bungie_object_ID": "554969f3-f3f1-4975-9ea8-cc582d7d4bc8",
            "halo_export": "1",
			"bungie_physics_constraint_child": "Cube",
			"bungie_physics_constraint_hinge_min": "-180",
			"bungie_physics_constraint_hinge_max": "180"
        },
        "Cube": {
            "bungie_object_type": "_connected_geometry_object_type_frame",
            "bungie_object_animates": "0",
            "bungie_frame_ID1": "1865671034",
            "bungie_frame_ID2": "653888995",
            "bungie_object_ID": "499d72b3-6b91-4b0c-bfc1-99b6908d5b1b",
            "halo_export": "1",
			"bungie_physics_constraint_parent": "Cube_high" 
        }
    },
    "meshes_properties": {
		"Cube_high": {
			"bungie_object_type": "_connected_geometry_object_type_mesh",
			"bungie_object_ID": "eaab562c-75b0-4473-819a-572362618589",
			"bungie_mesh_use_uncompressed_verts": "1",
			"halo_export": "1",
			"bungie_is_game_object": "1",
			"bungie_is_cinematic_object": "1",
			"bungie_mesh_no_static_lighting": "0"
		},
		"Cube": {
			"bungie_object_type": "_connected_geometry_object_type_mesh",
			"bungie_object_ID": "d713b108-6146-4234-aa8a-59dd66d831a1",
			"bungie_mesh_use_uncompressed_verts": "1",
			"halo_export": "1",
			"bungie_is_game_object": "1",
			"bungie_is_cinematic_object": "1",
			"bungie_mesh_no_static_lighting": "0"
		}
    }
}
