﻿<?xml version="1.0" encoding="utf-8" standalone="yes"?>
<Metadata>
  <Header>
    <MainRev>0</MainRev>
    <PointRev>6</PointRev>
    <Description>created by SidecarFile 0.6</Description>
    <Created>4/16/2009</Created>
    <By>jrodgers</By>
    <DirectoryType>TAE.Shared.NWOAssetDirectory</DirectoryType>
    <Schema>1</Schema>
  </Header>
  <Asset Name="example_level" Type="scenario">
    <OutputTagCollection>
      <OutputTag Type="scenario_lightmap">levels\example_level\example_level_faux_lightmap</OutputTag>
      <OutputTag Type="structure_seams">levels\example_level\example_level</OutputTag>
      <OutputTag Type="scenario">levels\example_level\example_level</OutputTag>
    </OutputTagCollection>
    <SharedAssetCollection />
  </Asset>
  <Folders>
    <Reference>\reference</Reference>
    <Temp>\temp</Temp>
    <SourceModels>\models\work</SourceModels>
    <GameModels>\models</GameModels>
    <GamePhysicsModels>\models</GamePhysicsModels>
    <GameCollisionModels>\models</GameCollisionModels>
    <ExportModels>\export\models</ExportModels>
    <ExportPhysicsModels>\export\models</ExportPhysicsModels>
    <ExportCollisionModels>\export\models</ExportCollisionModels>
    <SourceAnimations>\animations\work</SourceAnimations>
    <AnimationRigs>\animations\rigs</AnimationRigs>
    <AnimationTransplants>\animations\transplants</AnimationTransplants>
    <GameAnimations>\animations</GameAnimations>
    <ExportAnimations>\export\animations</ExportAnimations>
    <SourceBitmaps>\bitmaps</SourceBitmaps>
    <GameBitmaps>\bitmaps</GameBitmaps>
    <CinemaSource>\cinematics</CinemaSource>
    <CinemaExport>\export\cinematics</CinemaExport>
    <ExportBSPs>\export\models</ExportBSPs>
    <GameBSPs>\models</GameBSPs>
    <SourceBSPs>\models\work</SourceBSPs>
    <RigFlags>\flags</RigFlags>
    <RigPoses>\poses</RigPoses>
  </Folders>
  <FaceCollections>
    <FaceCollection Name="global materials override" StringTable="connected_geometry_regions_table" Description="Global material overrides">
      <FaceCollectionEntries>
        <FaceCollectionEntry Index="0" Name="default" Active="true" />
      </FaceCollectionEntries>
    </FaceCollection>
  </FaceCollections>
  <Contents>
    <Content Name="bsp01" Type="bsp">
      <ContentObject Name="" Type="scenario_structure_bsp">
        <ContentNetwork Name="room01" Type="">
          <InputFile>levels\example_level\models\example_level.fbx</InputFile>
          <IntermediateFile>levels\example_level\export\models\example_level.gr2</IntermediateFile>
        </ContentNetwork>
        <OutputTagCollection>
          <OutputTag Type="scenario_structure_bsp">levels\example_level\bsp01</OutputTag>
          <OutputTag Type="scenario_structure_lighting_info">levels\example_level\bsp01</OutputTag>
        </OutputTagCollection>
      </ContentObject>
    </Content>
  </Contents>
  <MiscData />
</Metadata>
